reqs,type,avg,stdev,max,stdevperc
1000,noscone,0.00145,455.62us,8.16ms,70.14%
1000,noscone,0.00141,438.03us,7.99ms,69.46%
1000,noscone,0.0015,470.53us,9.50ms,68.81%
1000,noscone,0.00154,448.86us,6.42ms,66.76%
1000,noscone,0.00152,448.82us,8.04ms,67.83%
1000,noscone,0.00142,440.41us,7.60ms,68.87%
1000,noscone,0.00148,444.13us,7.96ms,66.68%
1000,noscone,0.00144,447.09us,8.16ms,67.59%
1000,noscone,0.00142,449.40us,7.82ms,70.22%
1000,noscone,0.00147,444.64us,6.74ms,68.29%
1000,noscone,0.00154,430.61us,8.19ms,67.98%
1000,noscone,0.00146,423.71us,5.89ms,68.68%
1000,noscone,0.0015,441.20us,6.56ms,68.51%
1000,noscone,0.00152,448.01us,7.22ms,66.62%
1000,noscone,0.00148,448.17us,7.60ms,67.67%
1000,noscone,0.0015,452.95us,8.42ms,68.34%
1000,noscone,0.00143,456.76us,14.57ms,70.26%
1000,noscone,0.00154,430.61us,7.94ms,67.84%
1000,noscone,0.00148,456.87us,8.92ms,69.60%
1000,noscone,0.00143,445.21us,6.23ms,67.53%
1000,noscone,0.00157,435.74us,8.40ms,70.79%
1000,noscone,0.00146,446.49us,7.05ms,69.31%
1000,noscone,0.00147,437.07us,7.23ms,67.68%
1000,noscone,0.00153,426.68us,6.37ms,67.22%
1000,noscone,0.00154,424.58us,7.06ms,67.77%
1000,noscone,0.00153,442.60us,6.23ms,67.99%
1000,noscone,0.00154,449.71us,6.30ms,68.22%
1000,noscone,0.00156,415.33us,5.92ms,67.52%
1000,noscone,0.00145,462.69us,11.25ms,71.69%
1000,noscone,0.00145,452.05us,6.91ms,65.95%
1000,noscone,0.00145,420.11us,8.01ms,69.86%
1000,noscone,0.00146,436.09us,8.32ms,69.41%
1000,noscone,0.00143,430.41us,7.76ms,68.22%
1000,noscone,0.00142,445.23us,5.96ms,67.79%
1000,noscone,0.00148,449.84us,9.47ms,67.16%
1000,noscone,0.00143,471.21us,8.59ms,70.53%
1000,noscone,0.00158,458.38us,7.89ms,68.47%
1000,noscone,0.00148,444.74us,13.37ms,69.75%
1000,noscone,0.00158,430.70us,7.67ms,68.05%
1000,noscone,0.00156,431.87us,6.26ms,66.62%
1000,noscone,0.00147,436.84us,6.26ms,66.65%
1000,noscone,0.00142,427.52us,7.92ms,69.32%
1000,noscone,0.00148,460.93us,6.19ms,67.01%
1000,noscone,0.00147,451.70us,7.38ms,68.52%
1000,noscone,0.00143,425.40us,7.52ms,69.02%
1000,noscone,0.00138,442.51us,7.94ms,70.30%
1000,noscone,0.00148,397.46us,8.10ms,68.59%
1000,noscone,0.00148,446.68us,7.13ms,67.61%
1000,noscone,0.00157,429.58us,6.50ms,67.48%
1000,noscone,0.00142,434.22us,6.20ms,67.12%
5000,noscone,0.00137,507.56us,8.96ms,65.92%
5000,noscone,0.00135,512.18us,12.14ms,67.48%
5000,noscone,0.00137,513.38us,10.33ms,64.93%
5000,noscone,0.00136,499.83us,8.86ms,65.21%
5000,noscone,0.00136,514.62us,11.35ms,65.62%
5000,noscone,0.00136,540.90us,9.90ms,68.79%
5000,noscone,0.00137,499.41us,9.86ms,65.41%
5000,noscone,0.00137,509.60us,8.19ms,64.34%
5000,noscone,0.00136,523.24us,14.62ms,66.74%
5000,noscone,0.00136,496.14us,8.05ms,65.49%
5000,noscone,0.00137,520.72us,15.27ms,68.10%
5000,noscone,0.00137,504.36us,7.42ms,65.18%
5000,noscone,0.00137,507.30us,9.07ms,65.10%
5000,noscone,0.00135,506.88us,15.01ms,68.32%
5000,noscone,0.00135,505.80us,7.75ms,65.35%
5000,noscone,0.00137,526.91us,16.36ms,67.86%
5000,noscone,0.00135,500.82us,8.41ms,65.05%
5000,noscone,0.00135,498.17us,9.94ms,66.50%
5000,noscone,0.00134,496.51us,7.32ms,65.59%
5000,noscone,0.00135,516.24us,13.95ms,66.78%
5000,noscone,0.00137,511.37us,9.13ms,65.24%
5000,noscone,0.00137,508.31us,11.66ms,65.45%
5000,noscone,0.00139,510.12us,7.10ms,64.23%
5000,noscone,0.00135,500.54us,8.10ms,65.13%
5000,noscone,0.00136,503.61us,8.22ms,65.09%
5000,noscone,0.00138,510.84us,11.21ms,66.12%
5000,noscone,0.00136,519.18us,11.22ms,65.90%
5000,noscone,0.00137,498.80us,8.53ms,64.70%
5000,noscone,0.00136,532.28us,18.69ms,69.03%
5000,noscone,0.00136,506.45us,8.21ms,65.42%
5000,noscone,0.00135,504.82us,8.70ms,65.80%
5000,noscone,0.00137,509.94us,8.61ms,65.07%
5000,noscone,0.00138,522.41us,9.54ms,65.46%
5000,noscone,0.00137,499.84us,7.82ms,64.69%
5000,noscone,0.00137,497.68us,7.64ms,64.29%
5000,noscone,0.00135,500.42us,7.98ms,64.73%
5000,noscone,0.00136,502.88us,8.38ms,64.88%
5000,noscone,0.00136,506.92us,8.14ms,65.72%
5000,noscone,0.00135,492.27us,8.66ms,66.09%
5000,noscone,0.00136,514.05us,9.34ms,66.02%
5000,noscone,0.00134,507.05us,8.29ms,65.67%
5000,noscone,0.00136,501.78us,8.24ms,65.96%
5000,noscone,0.00136,501.76us,10.44ms,66.08%
5000,noscone,0.00135,495.16us,8.75ms,66.06%
5000,noscone,0.00136,508.74us,15.09ms,65.56%
5000,noscone,0.00134,549.72us,12.73ms,69.86%
5000,noscone,0.00136,501.30us,7.48ms,63.74%
5000,noscone,0.00135,496.40us,8.13ms,65.81%
5000,noscone,0.00136,500.27us,9.35ms,65.48%
5000,noscone,0.00136,485.87us,7.54ms,64.53%
10000,noscone,0.0015,616.15us,15.88ms,70.47%
10000,noscone,0.00145,587.85us,15.09ms,69.42%
10000,noscone,0.00144,574.52us,12.85ms,68.54%
10000,noscone,0.00146,568.88us,11.96ms,67.81%
10000,noscone,0.00148,595.33us,13.43ms,70.04%
10000,noscone,0.00146,614.72us,15.84ms,71.01%
10000,noscone,0.00147,593.20us,14.91ms,68.24%
10000,noscone,0.0015,632.52us,18.29ms,71.00%
10000,noscone,0.00132,577.61us,16.80ms,74.74%
10000,noscone,0.00148,581.39us,11.89ms,68.70%
10000,noscone,0.00148,576.83us,9.50ms,68.08%
10000,noscone,0.00151,589.94us,9.63ms,70.06%
10000,noscone,0.00145,567.31us,11.87ms,68.06%
10000,noscone,0.00151,578.54us,8.23ms,68.50%
10000,noscone,0.00147,565.39us,8.30ms,67.95%
10000,noscone,0.00149,596.87us,13.27ms,68.96%
10000,noscone,0.00146,578.93us,12.73ms,68.39%
10000,noscone,0.0015,626.28us,15.48ms,72.52%
10000,noscone,0.00141,539.28us,9.00ms,68.14%
10000,noscone,0.00147,568.87us,11.05ms,68.01%
10000,noscone,0.00146,574.85us,14.17ms,70.21%
10000,noscone,0.00148,587.46us,17.81ms,70.91%
10000,noscone,0.00147,589.92us,12.13ms,69.11%
10000,noscone,0.00146,575.71us,12.94ms,69.16%
10000,noscone,0.00151,608.89us,13.35ms,68.72%
10000,noscone,0.00148,619.84us,18.27ms,72.13%
10000,noscone,0.00146,604.38us,17.09ms,71.38%
10000,noscone,0.00143,540.87us,7.57ms,67.17%
10000,noscone,0.00147,583.10us,14.62ms,70.38%
10000,noscone,0.00147,569.33us,12.71ms,69.67%
10000,noscone,0.00147,606.15us,15.96ms,69.88%
10000,noscone,0.00145,609.99us,19.74ms,72.02%
10000,noscone,0.00149,592.72us,17.30ms,71.27%
10000,noscone,0.00146,643.20us,22.93ms,74.03%
10000,noscone,0.00149,639.08us,22.67ms,72.46%
10000,noscone,0.00148,589.74us,16.54ms,69.26%
10000,noscone,0.0015,638.05us,19.54ms,73.27%
10000,noscone,0.00143,546.62us,8.81ms,68.31%
10000,noscone,0.00147,588.93us,17.71ms,72.59%
10000,noscone,0.00145,587.16us,14.23ms,71.54%
10000,noscone,0.00148,579.58us,8.33ms,67.56%
10000,noscone,0.00153,617.50us,14.34ms,68.44%
10000,noscone,0.00146,557.24us,11.61ms,68.68%
10000,noscone,0.00146,575.50us,11.73ms,69.24%
10000,noscone,0.00145,583.64us,15.58ms,69.40%
10000,noscone,0.00145,603.34us,16.74ms,70.96%
10000,noscone,0.00146,607.72us,18.75ms,70.80%
10000,noscone,0.00147,578.44us,17.10ms,69.82%
10000,noscone,0.00146,594.58us,13.76ms,69.91%
10000,noscone,0.00147,549.02us,10.43ms,68.67%
20000,noscone,0.00143,635.70us,9.92ms,69.30%
20000,noscone,0.00149,1.66ms,40.74ms,98.12%
20000,noscone,0.00148,0.95ms,21.66ms,90.24%
20000,noscone,0.00142,809.71us,23.79ms,84.09%
20000,noscone,0.00144,763.67us,18.61ms,80.13%
20000,noscone,0.00143,0.92ms,25.95ms,90.28%
20000,noscone,0.00145,0.90ms,20.16ms,88.84%
20000,noscone,0.00143,1.29ms,35.17ms,97.57%
20000,noscone,0.00146,1.23ms,31.46ms,96.94%
20000,noscone,0.00147,1.00ms,25.41ms,92.45%
20000,noscone,0.00146,1.24ms,27.81ms,96.86%
20000,noscone,0.0014,0.85ms,22.72ms,87.93%
20000,noscone,0.00138,0.96ms,27.81ms,92.69%
20000,noscone,0.00148,1.11ms,33.79ms,95.40%
20000,noscone,0.00153,1.50ms,36.96ms,97.44%
20000,noscone,0.00146,0.92ms,19.87ms,88.60%
20000,noscone,0.00139,772.42us,21.97ms,82.74%
20000,noscone,0.0011,515.67us,14.06ms,83.03%
20000,noscone,0.00139,740.71us,20.64ms,80.76%
20000,noscone,0.00136,619.13us,11.53ms,71.87%
20000,noscone,0.0014,717.40us,25.81ms,78.19%
20000,noscone,0.00145,1.29ms,26.62ms,96.94%
20000,noscone,0.0013,775.06us,22.42ms,87.09%
20000,noscone,0.00151,1.54ms,42.85ms,97.97%
20000,noscone,0.00142,820.66us,24.62ms,84.79%
20000,noscone,0.00154,1.87ms,47.20ms,97.90%
20000,noscone,0.00127,1.09ms,31.54ms,96.83%
20000,noscone,0.00145,1.03ms,29.95ms,94.03%
20000,noscone,0.00141,771.30us,25.76ms,81.86%
20000,noscone,0.00144,1.21ms,31.26ms,96.90%
20000,noscone,0.0014,1.33ms,47.55ms,98.12%
20000,noscone,0.00151,1.31ms,28.45ms,96.75%
20000,noscone,0.00128,1.10ms,34.43ms,97.38%
20000,noscone,0.00132,756.60us,24.18ms,84.89%
20000,noscone,0.00152,1.70ms,37.31ms,97.79%
20000,noscone,0.00139,0.95ms,30.99ms,92.87%
20000,noscone,0.0012,692.18us,19.30ms,86.03%
20000,noscone,0.00132,717.13us,22.66ms,83.04%
20000,noscone,0.00133,603.81us,15.22ms,71.84%
20000,noscone,0.00144,0.91ms,30.13ms,89.29%
20000,noscone,0.0013,664.34us,17.33ms,79.51%
20000,noscone,0.00146,1.19ms,28.42ms,96.73%
20000,noscone,0.00132,644.14us,13.46ms,74.57%
20000,noscone,0.00141,0.87ms,21.68ms,88.34%
20000,noscone,0.00132,773.97us,17.36ms,86.69%
20000,noscone,0.00121,0.92ms,29.23ms,95.60%
20000,noscone,0.0015,1.41ms,30.56ms,97.15%
20000,noscone,0.00147,1.10ms,32.22ms,95.32%
20000,noscone,0.00144,0.85ms,24.80ms,86.23%
20000,noscone,0.00143,800.94us,23.46ms,83.10%
40000,noscone,0.00133,729.49us,21.97ms,75.41%
40000,noscone,0.00119,814.93us,20.61ms,87.19%
40000,noscone,0.00186,5.45ms,92.61ms,98.34%
40000,noscone,0.00213,6.82ms,92.93ms,97.36%
40000,noscone,0.00116,712.26us,21.02ms,80.53%
40000,noscone,0.00125,716.42us,17.06ms,77.07%
40000,noscone,0.00146,2.14ms,65.28ms,99.05%
40000,noscone,0.00409,21.58ms,259.97ms,97.89%
40000,noscone,0.00136,653.33us,13.62ms,69.20%
40000,noscone,0.00148,3.48ms,84.22ms,98.73%
40000,noscone,0.00126,666.79us,15.47ms,72.15%
40000,noscone,0.00177,5.17ms,107.71ms,98.65%
40000,noscone,0.00228,6.86ms,89.79ms,97.06%
40000,noscone,0.002,5.44ms,83.26ms,98.16%
40000,noscone,0.00166,3.52ms,70.85ms,98.68%
40000,noscone,0.002,6.24ms,98.30ms,98.11%
40000,noscone,0.00116,0.92ms,29.31ms,92.94%
40000,noscone,0.00141,2.23ms,50.66ms,98.96%
40000,noscone,0.00154,3.01ms,86.40ms,99.09%
40000,noscone,0.00176,4.70ms,95.81ms,98.68%
40000,noscone,0.00114,1.20ms,29.57ms,96.84%
40000,noscone,0.00129,3.03ms,75.14ms,98.78%
40000,noscone,0.00151,3.71ms,76.42ms,98.54%
40000,noscone,0.00126,691.13us,16.36ms,73.85%
40000,noscone,0.00816,42.53ms,407.30ms,96.98%
40000,noscone,0.00132,3.23ms,89.54ms,98.48%
40000,noscone,0.00118,771.36us,22.82ms,84.06%
40000,noscone,0.00133,694.74us,19.02ms,72.46%
40000,noscone,0.00124,0.86ms,26.78ms,87.53%
40000,noscone,0.00144,1.07ms,25.49ms,90.84%
40000,noscone,0.00128,744.92us,13.63ms,78.40%
40000,noscone,0.00125,789.25us,25.65ms,82.15%
40000,noscone,0.00162,3.83ms,98.75ms,99.24%
40000,noscone,0.00151,4.09ms,96.70ms,98.99%
40000,noscone,0.00102,1.20ms,30.61ms,98.84%
40000,noscone,0.00169,4.12ms,91.26ms,98.88%
40000,noscone,0.00171,3.96ms,89.34ms,98.69%
40000,noscone,0.00242,8.00ms,95.74ms,96.67%
40000,noscone,0.00124,0.88ms,27.97ms,88.92%
40000,noscone,0.00184,4.58ms,99.65ms,98.03%
40000,noscone,0.00174,4.36ms,96.51ms,98.82%
40000,noscone,0.00117,660.48us,15.08ms,78.08%
40000,noscone,0.00212,6.27ms,120.96ms,98.32%
40000,noscone,0.00277,8.56ms,97.28ms,96.35%
40000,noscone,0.00141,1.40ms,36.58ms,97.71%
40000,noscone,0.00141,2.23ms,64.80ms,99.00%
40000,noscone,0.00198,6.17ms,90.18ms,97.76%
40000,noscone,0.00451,21.34ms,248.06ms,97.09%
40000,noscone,0.00198,5.58ms,94.66ms,98.16%
40000,noscone,0.00552,29.68ms,318.98ms,97.37%
60000,noscone,0.00571,27.80ms,323.84ms,97.15%
60000,noscone,0.00348,14.07ms,192.38ms,96.91%
60000,noscone,0.00495,20.79ms,208.13ms,96.77%
60000,noscone,0.00138,2.97ms,63.94ms,98.50%
60000,noscone,0.006,25.33ms,282.37ms,96.24%
60000,noscone,0.00131,3.39ms,68.86ms,98.15%
60000,noscone,0.00538,23.79ms,274.43ms,96.53%
60000,noscone,0.00425,19.12ms,237.57ms,96.95%
60000,noscone,0.00465,21.39ms,253.82ms,97.37%
60000,noscone,0.00169,4.62ms,97.22ms,97.75%
60000,noscone,0.00326,13.71ms,183.68ms,97.04%
60000,noscone,0.00556,23.66ms,254.59ms,96.51%
60000,noscone,0.00217,7.23ms,104.90ms,96.66%
60000,noscone,0.0016,4.14ms,82.56ms,98.54%
60000,noscone,0.00182,5.55ms,96.64ms,97.99%
60000,noscone,0.00139,1.31ms,29.01ms,93.51%
60000,noscone,0.00119,0.99ms,26.50ms,91.52%
60000,noscone,0.00089,576.15us,16.90ms,89.52%
60000,noscone,0.00164,3.97ms,73.47ms,98.32%
60000,noscone,0.00096,711.02us,19.92ms,92.24%
60000,noscone,0.00137,3.73ms,68.42ms,98.13%
60000,noscone,0.00128,1.08ms,25.22ms,92.37%
60000,noscone,0.00091,0.95ms,39.87ms,97.86%
60000,noscone,0.00149,4.79ms,111.68ms,98.41%
60000,noscone,0.00132,0.94ms,20.98ms,85.64%
60000,noscone,0.00087,609.67us,20.43ms,93.78%
60000,noscone,0.0015,3.25ms,73.28ms,98.14%
60000,noscone,0.00114,1.29ms,32.90ms,96.22%
60000,noscone,0.00206,6.05ms,107.97ms,97.86%
60000,noscone,0.0014,1.21ms,20.75ms,92.06%
60000,noscone,0.00105,1.13ms,32.96ms,96.17%
60000,noscone,0.00117,1.31ms,28.29ms,95.59%
60000,noscone,0.00139,1.26ms,33.02ms,93.18%
60000,noscone,0.0011,1.23ms,30.54ms,95.84%
60000,noscone,0.03022,98.91ms,591.36ms,91.95%
60000,noscone,0.00104,812.36us,17.90ms,91.65%
60000,noscone,0.00137,1.10ms,18.14ms,90.44%
60000,noscone,0.00117,1.32ms,30.50ms,95.60%
60000,noscone,0.00532,24.67ms,295.68ms,96.90%
60000,noscone,0.00119,0.90ms,16.45ms,88.64%
60000,noscone,0.00248,7.81ms,139.65ms,96.91%
60000,noscone,0.00109,1.25ms,30.38ms,96.43%
60000,noscone,0.00132,2.20ms,60.00ms,97.63%
60000,noscone,0.0018,5.05ms,87.30ms,98.20%
60000,noscone,0.00125,1.57ms,38.46ms,96.33%
60000,noscone,0.00108,1.53ms,39.55ms,97.32%
60000,noscone,0.00125,1.04ms,19.95ms,91.94%
60000,noscone,0.00154,2.92ms,68.22ms,98.16%
60000,noscone,0.002,6.46ms,128.77ms,98.47%
60000,noscone,0.00158,4.51ms,96.90ms,98.42%
80000,noscone,0.00305,9.72ms,150.14ms,96.37%
80000,noscone,0.00095,775.64us,22.93ms,94.06%
80000,noscone,0.00139,3.10ms,55.01ms,97.22%
80000,noscone,0.00316,5.99ms,101.18ms,91.45%
80000,noscone,0.00132,4.82ms,91.46ms,98.67%
80000,noscone,0.0017,2.89ms,38.94ms,93.79%
80000,noscone,0.00127,1.78ms,43.36ms,95.21%
80000,noscone,0.00189,4.43ms,70.08ms,95.65%
80000,noscone,0.00119,1.37ms,24.00ms,93.74%
80000,noscone,0.00234,4.67ms,93.18ms,93.26%
80000,noscone,0.00097,1.12ms,31.78ms,96.67%
80000,noscone,0.00126,3.21ms,57.54ms,98.17%
80000,noscone,0.00252,5.05ms,72.77ms,93.28%
80000,noscone,0.00106,0.88ms,20.75ms,91.80%
80000,noscone,0.00399,8.13ms,85.18ms,91.45%
80000,noscone,0.00308,7.31ms,112.96ms,94.11%
80000,noscone,0.01351,42.91ms,307.46ms,91.87%
80000,noscone,0.00466,12.31ms,168.45ms,93.56%
80000,noscone,0.01173,41.32ms,390.40ms,94.03%
80000,noscone,0.00517,24.44ms,263.42ms,96.63%
80000,noscone,0.0036,7.36ms,102.40ms,92.37%
80000,noscone,0.0041,14.52ms,178.30ms,95.27%
80000,noscone,0.00104,0.95ms,24.66ms,92.93%
80000,noscone,0.00339,6.88ms,96.38ms,92.01%
80000,noscone,0.00108,3.37ms,75.71ms,98.80%
80000,noscone,0.00283,5.43ms,83.58ms,92.36%
80000,noscone,0.0044,7.91ms,119.74ms,90.79%
80000,noscone,0.00091,0.90ms,25.39ms,97.66%
80000,noscone,0.00301,8.63ms,140.42ms,95.63%
80000,noscone,0.00099,1.01ms,26.66ms,95.44%
80000,noscone,0.00242,5.23ms,77.63ms,94.30%
80000,noscone,0.00128,2.57ms,58.69ms,97.18%
80000,noscone,0.00476,18.10ms,228.74ms,95.86%
80000,noscone,0.00315,14.94ms,283.39ms,97.20%
80000,noscone,0.00168,2.27ms,38.66ms,92.93%
80000,noscone,0.00229,7.83ms,134.53ms,97.17%
80000,noscone,0.00182,5.73ms,86.59ms,97.54%
80000,noscone,0.00503,9.36ms,94.02ms,90.39%
80000,noscone,0.00232,5.52ms,82.69ms,94.85%
80000,noscone,0.00089,1.08ms,38.34ms,98.13%
80000,noscone,0.00503,12.57ms,197.12ms,93.41%
80000,noscone,0.01105,39.04ms,389.38ms,93.55%
80000,noscone,0.00138,3.11ms,57.76ms,97.35%
80000,noscone,0.00382,7.90ms,113.73ms,92.16%
80000,noscone,0.00114,1.11ms,20.96ms,92.70%
80000,noscone,0.00194,6.66ms,93.25ms,97.45%
80000,noscone,0.00449,8.49ms,88.77ms,90.54%
80000,noscone,0.00138,2.89ms,52.13ms,97.45%
80000,noscone,0.00211,3.41ms,70.66ms,91.45%
80000,noscone,0.0059,13.34ms,184.19ms,92.37%
1000,scone-async,0.0016,436.06us,7.85ms,67.51%
1000,scone-async,0.00168,441.54us,5.87ms,67.94%
1000,scone-async,0.0017,452.02us,8.04ms,69.09%
1000,scone-async,0.00163,445.71us,6.93ms,68.13%
1000,scone-async,0.00173,433.31us,8.65ms,68.44%
1000,scone-async,0.00172,430.52us,6.64ms,68.76%
1000,scone-async,0.00164,451.66us,6.96ms,68.21%
1000,scone-async,0.00168,458.65us,7.48ms,67.03%
1000,scone-async,0.00168,468.78us,7.54ms,68.56%
1000,scone-async,0.00154,445.64us,7.42ms,67.72%
1000,scone-async,0.00163,465.29us,7.99ms,67.25%
1000,scone-async,0.00164,439.18us,9.82ms,68.30%
1000,scone-async,0.00173,456.89us,8.66ms,67.15%
1000,scone-async,0.00149,448.69us,6.94ms,67.71%
1000,scone-async,0.00154,468.96us,13.32ms,68.93%
1000,scone-async,0.00153,441.43us,7.88ms,69.74%
1000,scone-async,0.00168,443.64us,7.67ms,68.04%
1000,scone-async,0.00162,469.81us,12.05ms,71.13%
1000,scone-async,0.00167,449.04us,8.33ms,68.00%
1000,scone-async,0.00173,442.39us,6.50ms,66.52%
1000,scone-async,0.00152,437.90us,8.03ms,68.26%
1000,scone-async,0.00153,431.51us,6.91ms,69.90%
1000,scone-async,0.00152,450.64us,8.41ms,68.08%
1000,scone-async,0.00153,452.79us,14.67ms,70.70%
1000,scone-async,0.00155,447.66us,7.39ms,67.66%
1000,scone-async,0.00158,441.52us,7.26ms,68.33%
1000,scone-async,0.0016,426.20us,7.90ms,69.58%
1000,scone-async,0.00155,455.16us,8.69ms,68.17%
1000,scone-async,0.00154,442.39us,7.70ms,68.29%
1000,scone-async,0.00167,440.24us,7.96ms,68.37%
1000,scone-async,0.00157,450.57us,7.41ms,67.15%
1000,scone-async,0.00154,433.38us,7.83ms,68.34%
1000,scone-async,0.00166,448.31us,7.07ms,68.05%
1000,scone-async,0.00164,439.13us,6.24ms,67.75%
1000,scone-async,0.00154,454.56us,11.40ms,68.88%
1000,scone-async,0.00158,432.78us,6.99ms,68.67%
1000,scone-async,0.00162,430.94us,7.32ms,69.42%
1000,scone-async,0.00161,470.16us,8.18ms,68.87%
1000,scone-async,0.0017,436.86us,7.76ms,68.48%
1000,scone-async,0.0016,455.38us,6.60ms,67.53%
1000,scone-async,0.00167,466.48us,8.51ms,68.47%
1000,scone-async,0.00172,440.99us,6.74ms,68.36%
1000,scone-async,0.00157,452.33us,6.54ms,68.38%
1000,scone-async,0.00165,430.81us,6.54ms,68.51%
1000,scone-async,0.00151,432.57us,9.75ms,67.96%
1000,scone-async,0.00168,457.49us,7.61ms,67.48%
1000,scone-async,0.00153,429.71us,5.89ms,67.20%
1000,scone-async,0.00154,435.16us,6.76ms,67.17%
1000,scone-async,0.01387,88.81ms,1.00s,97.78%
1000,scone-async,0.00158,459.77us,7.08ms,68.28%
5000,scone-async,0.00147,525.07us,12.21ms,67.16%
5000,scone-async,0.00147,542.98us,15.43ms,68.16%
5000,scone-async,0.00149,516.17us,9.10ms,66.21%
5000,scone-async,0.00149,523.13us,10.80ms,67.26%
5000,scone-async,0.00148,518.01us,11.74ms,68.93%
5000,scone-async,0.00146,519.81us,16.78ms,68.46%
5000,scone-async,0.00145,497.30us,7.15ms,66.26%
5000,scone-async,0.00146,512.54us,7.18ms,66.31%
5000,scone-async,0.00147,510.02us,7.90ms,66.66%
5000,scone-async,0.00146,517.17us,9.40ms,66.23%
5000,scone-async,0.00148,529.83us,8.42ms,66.84%
5000,scone-async,0.00146,514.90us,9.42ms,67.02%
5000,scone-async,0.00146,506.27us,9.03ms,65.89%
5000,scone-async,0.00147,501.83us,8.32ms,66.76%
5000,scone-async,0.00145,514.61us,13.79ms,67.33%
5000,scone-async,0.00147,519.97us,9.76ms,66.28%
5000,scone-async,0.00147,513.66us,13.15ms,67.07%
5000,scone-async,0.00148,543.01us,17.33ms,69.35%
5000,scone-async,0.00147,558.47us,19.42ms,70.81%
5000,scone-async,0.00147,521.01us,7.97ms,66.42%
5000,scone-async,0.00146,540.90us,15.46ms,70.40%
5000,scone-async,0.00148,532.52us,8.97ms,67.05%
5000,scone-async,0.00145,510.92us,7.36ms,67.23%
5000,scone-async,0.00146,505.10us,8.63ms,66.21%
5000,scone-async,0.00146,518.46us,10.17ms,67.20%
5000,scone-async,0.00146,511.10us,10.77ms,66.47%
5000,scone-async,0.0015,519.80us,11.91ms,67.22%
5000,scone-async,0.00146,510.70us,8.59ms,66.27%
5000,scone-async,0.00151,532.61us,8.82ms,67.46%
5000,scone-async,0.00149,515.87us,9.30ms,66.38%
5000,scone-async,0.00147,520.92us,11.23ms,67.77%
5000,scone-async,0.00146,492.38us,7.71ms,66.05%
5000,scone-async,0.00149,514.05us,7.84ms,66.31%
5000,scone-async,0.00147,516.95us,12.23ms,65.95%
5000,scone-async,0.00151,532.06us,9.14ms,66.87%
5000,scone-async,0.00149,524.09us,11.66ms,68.76%
5000,scone-async,0.00147,513.09us,8.06ms,66.67%
5000,scone-async,0.00147,531.59us,13.96ms,67.01%
5000,scone-async,0.00144,494.81us,7.56ms,66.87%
5000,scone-async,0.00147,515.32us,8.94ms,66.79%
5000,scone-async,0.00147,516.87us,8.03ms,66.20%
5000,scone-async,0.00147,519.37us,8.06ms,66.74%
5000,scone-async,0.00148,508.96us,9.14ms,66.63%
5000,scone-async,0.00149,546.17us,17.38ms,70.64%
5000,scone-async,0.00149,542.38us,11.63ms,69.91%
5000,scone-async,0.00145,517.09us,12.85ms,66.89%
5000,scone-async,0.00149,510.91us,7.63ms,66.71%
5000,scone-async,0.00148,501.61us,7.44ms,66.35%
5000,scone-async,0.0015,542.48us,10.81ms,67.45%
5000,scone-async,0.00148,512.75us,7.06ms,66.50%
10000,scone-async,0.0018,733.07us,20.02ms,68.54%
10000,scone-async,0.00181,738.15us,16.83ms,68.20%
10000,scone-async,0.00166,650.09us,13.76ms,70.95%
10000,scone-async,0.00169,647.93us,14.70ms,68.61%
10000,scone-async,0.0018,746.20us,20.18ms,71.00%
10000,scone-async,0.00175,693.04us,13.93ms,68.78%
10000,scone-async,0.00179,713.94us,16.62ms,68.33%
10000,scone-async,0.00171,675.48us,10.70ms,68.52%
10000,scone-async,0.0017,671.22us,11.66ms,69.04%
10000,scone-async,0.00164,660.77us,14.15ms,70.33%
10000,scone-async,0.00164,639.12us,13.02ms,69.75%
10000,scone-async,0.00181,734.73us,14.26ms,68.34%
10000,scone-async,0.00172,659.50us,12.54ms,69.78%
10000,scone-async,0.00171,682.13us,12.82ms,69.84%
10000,scone-async,0.00175,678.20us,8.02ms,67.92%
10000,scone-async,0.00168,624.40us,10.74ms,70.88%
10000,scone-async,0.00178,698.56us,10.78ms,67.80%
10000,scone-async,0.00173,684.39us,9.24ms,67.37%
10000,scone-async,0.00178,746.66us,21.26ms,71.37%
10000,scone-async,0.00177,761.04us,18.94ms,73.19%
10000,scone-async,0.00162,644.21us,18.32ms,71.81%
10000,scone-async,0.00178,700.75us,15.80ms,68.79%
10000,scone-async,0.00175,711.45us,19.36ms,71.04%
10000,scone-async,0.00171,684.25us,15.55ms,70.32%
10000,scone-async,0.00175,729.84us,18.21ms,71.20%
10000,scone-async,0.00167,1.16ms,32.72ms,96.26%
10000,scone-async,0.00169,719.31us,18.83ms,73.69%
10000,scone-async,0.00169,702.22us,15.38ms,73.16%
10000,scone-async,0.00176,718.63us,19.42ms,69.85%
10000,scone-async,0.0016,659.95us,18.24ms,74.39%
10000,scone-async,0.00169,667.01us,16.78ms,69.75%
10000,scone-async,0.00179,724.39us,18.10ms,69.76%
10000,scone-async,0.00164,713.56us,25.50ms,76.04%
10000,scone-async,0.00173,721.66us,14.61ms,71.32%
10000,scone-async,0.00169,722.39us,21.31ms,73.86%
10000,scone-async,0.00171,677.97us,12.19ms,69.04%
10000,scone-async,0.00168,654.13us,15.90ms,69.39%
10000,scone-async,0.00174,715.47us,19.31ms,70.18%
10000,scone-async,0.00173,695.10us,14.18ms,70.32%
10000,scone-async,0.00174,699.12us,14.30ms,70.13%
10000,scone-async,0.00168,661.74us,13.27ms,69.26%
10000,scone-async,0.00172,694.24us,16.88ms,70.53%
10000,scone-async,0.00177,744.39us,17.89ms,69.21%
10000,scone-async,0.00172,686.39us,10.42ms,68.57%
10000,scone-async,0.00181,735.67us,17.09ms,69.29%
10000,scone-async,0.0018,717.06us,15.28ms,68.40%
10000,scone-async,0.00166,674.84us,17.07ms,73.48%
10000,scone-async,0.0017,662.99us,11.86ms,68.51%
10000,scone-async,0.00174,702.45us,14.10ms,68.99%
10000,scone-async,0.00167,655.87us,10.30ms,69.94%
20000,scone-async,0.00183,3.16ms,49.98ms,96.76%
20000,scone-async,0.00291,5.92ms,58.59ms,93.25%
20000,scone-async,0.00186,3.46ms,53.09ms,96.94%
20000,scone-async,0.00179,3.27ms,55.33ms,97.36%
20000,scone-async,0.00241,4.83ms,55.42ms,94.43%
20000,scone-async,0.00237,4.88ms,56.03ms,95.03%
20000,scone-async,0.00202,3.97ms,59.14ms,96.40%
20000,scone-async,0.00151,1.73ms,41.95ms,98.48%
20000,scone-async,0.0026,5.17ms,56.54ms,94.02%
20000,scone-async,0.00169,2.99ms,60.00ms,97.73%
20000,scone-async,0.00206,4.18ms,51.46ms,96.19%
20000,scone-async,0.00273,5.54ms,57.89ms,93.08%
20000,scone-async,0.00189,3.80ms,65.38ms,96.83%
20000,scone-async,0.0023,4.83ms,60.67ms,95.30%
20000,scone-async,0.0029,5.63ms,54.18ms,92.16%
20000,scone-async,0.00365,15.91ms,223.74ms,97.38%
20000,scone-async,0.00188,3.60ms,59.33ms,97.10%
20000,scone-async,0.00169,2.76ms,47.01ms,95.77%
20000,scone-async,0.00187,3.58ms,57.15ms,96.75%
20000,scone-async,0.00225,4.45ms,68.99ms,95.10%
20000,scone-async,0.00206,4.08ms,56.42ms,94.72%
20000,scone-async,0.00174,2.78ms,47.74ms,96.76%
20000,scone-async,0.00155,2.23ms,46.24ms,98.33%
20000,scone-async,0.00294,5.99ms,59.78ms,93.14%
20000,scone-async,0.00187,3.55ms,54.72ms,96.79%
20000,scone-async,0.00192,3.65ms,55.62ms,96.63%
20000,scone-async,0.00272,5.66ms,60.64ms,93.74%
20000,scone-async,0.00212,4.16ms,58.50ms,95.84%
20000,scone-async,0.00149,2.25ms,51.65ms,98.77%
20000,scone-async,0.00259,5.32ms,55.33ms,94.04%
20000,scone-async,0.00217,4.38ms,56.38ms,95.65%
20000,scone-async,0.00143,2.17ms,53.95ms,98.19%
20000,scone-async,0.00169,2.06ms,46.24ms,98.07%
20000,scone-async,0.00295,5.57ms,62.34ms,91.93%
20000,scone-async,0.00192,3.63ms,56.74ms,96.75%
20000,scone-async,0.00219,4.59ms,56.32ms,95.87%
20000,scone-async,0.00259,5.31ms,54.27ms,94.01%
20000,scone-async,0.00126,1.07ms,33.15ms,97.15%
20000,scone-async,0.00175,2.98ms,55.14ms,97.43%
20000,scone-async,0.00274,5.49ms,63.07ms,92.90%
20000,scone-async,0.00143,0.88ms,25.09ms,90.49%
20000,scone-async,0.00143,744.61us,24.54ms,82.48%
20000,scone-async,0.00224,4.31ms,53.41ms,95.45%
20000,scone-async,0.00154,2.34ms,46.14ms,98.41%
20000,scone-async,0.00185,3.50ms,59.14ms,96.87%
20000,scone-async,0.00117,1.26ms,51.97ms,98.78%
20000,scone-async,0.00167,3.07ms,51.78ms,97.93%
20000,scone-async,0.00201,3.76ms,56.19ms,96.03%
20000,scone-async,0.00256,5.18ms,63.42ms,94.04%
20000,scone-async,0.00165,2.91ms,62.69ms,96.15%
40000,scone-async,0.0012,1.14ms,36.16ms,96.28%
40000,scone-async,0.00231,7.44ms,94.91ms,97.26%
40000,scone-async,0.00136,812.72us,25.73ms,81.80%
40000,scone-async,0.00132,734.11us,19.17ms,77.87%
40000,scone-async,0.00705,32.28ms,313.09ms,96.58%
40000,scone-async,0.00126,643.66us,14.54ms,71.41%
40000,scone-async,0.00155,2.50ms,60.32ms,98.45%
40000,scone-async,0.00171,4.17ms,92.74ms,98.23%
40000,scone-async,0.0015,2.77ms,72.19ms,98.93%
40000,scone-async,0.00119,1.41ms,40.64ms,97.88%
40000,scone-async,0.00139,0.92ms,21.76ms,86.70%
40000,scone-async,0.00124,1.03ms,29.94ms,94.70%
40000,scone-async,0.00121,0.85ms,29.82ms,89.12%
40000,scone-async,0.00114,0.99ms,30.80ms,96.03%
40000,scone-async,0.00203,5.05ms,71.62ms,97.66%
40000,scone-async,0.00133,748.98us,23.06ms,78.04%
40000,scone-async,0.00128,823.92us,24.50ms,84.77%
40000,scone-async,0.00211,5.76ms,78.40ms,96.83%
40000,scone-async,0.00122,1.07ms,37.57ms,95.08%
40000,scone-async,0.00129,695.94us,11.74ms,74.86%
40000,scone-async,0.0017,3.85ms,74.82ms,98.78%
40000,scone-async,0.00148,2.96ms,68.74ms,98.94%
40000,scone-async,0.00147,2.51ms,64.86ms,98.87%
40000,scone-async,0.00197,6.13ms,91.78ms,97.40%
40000,scone-async,0.0014,839.98us,21.17ms,81.22%
40000,scone-async,0.00136,796.58us,19.36ms,80.03%
40000,scone-async,0.00121,1.03ms,34.37ms,94.91%
40000,scone-async,0.00135,746.23us,18.75ms,77.19%
40000,scone-async,0.00133,0.89ms,25.50ms,87.91%
40000,scone-async,0.00116,1.23ms,40.99ms,97.09%
40000,scone-async,0.00162,3.79ms,82.82ms,98.58%
40000,scone-async,0.00125,816.50us,20.56ms,86.82%
40000,scone-async,0.00138,797.37us,14.84ms,79.31%
40000,scone-async,0.00161,3.20ms,75.65ms,98.68%
40000,scone-async,0.00123,1.05ms,29.31ms,94.87%
40000,scone-async,0.00178,4.41ms,68.35ms,98.57%
40000,scone-async,0.00188,4.96ms,79.17ms,97.92%
40000,scone-async,0.00108,0.91ms,32.29ms,96.18%
40000,scone-async,0.00215,7.06ms,115.52ms,97.39%
40000,scone-async,0.00213,6.07ms,87.94ms,97.58%
40000,scone-async,0.0015,2.21ms,59.20ms,98.53%
40000,scone-async,0.0014,1.74ms,48.45ms,97.76%
40000,scone-async,0.00186,4.79ms,77.76ms,98.27%
40000,scone-async,0.00127,733.97us,26.03ms,78.40%
40000,scone-async,0.00126,1.18ms,37.34ms,95.51%
40000,scone-async,0.00169,3.92ms,71.36ms,98.73%
40000,scone-async,0.00137,789.06us,19.36ms,79.50%
40000,scone-async,0.00132,763.75us,15.15ms,78.66%
40000,scone-async,0.0022,7.00ms,92.29ms,97.30%
40000,scone-async,0.00122,1.04ms,30.30ms,94.84%
60000,scone-async,0.00142,3.25ms,63.90ms,97.61%
60000,scone-async,0.00227,11.14ms,318.72ms,98.36%
60000,scone-async,0.00758,26.67ms,266.24ms,95.30%
60000,scone-async,0.04032,110.26ms,616.96ms,89.20%
60000,scone-async,0.00301,5.49ms,70.78ms,91.41%
60000,scone-async,0.00185,2.67ms,40.32ms,92.73%
60000,scone-async,0.00149,2.36ms,44.45ms,95.38%
60000,scone-async,0.00382,7.17ms,99.97ms,91.09%
60000,scone-async,0.00474,10.64ms,133.89ms,92.39%
60000,scone-async,0.00211,4.72ms,105.41ms,95.33%
60000,scone-async,0.00338,8.37ms,161.02ms,93.38%
60000,scone-async,0.00168,2.52ms,42.85ms,94.35%
60000,scone-async,0.0019,3.59ms,61.44ms,94.37%
60000,scone-async,0.00964,21.66ms,208.00ms,90.45%
60000,scone-async,0.00266,4.92ms,75.46ms,92.08%
60000,scone-async,0.00431,8.37ms,109.44ms,90.89%
60000,scone-async,0.00196,4.21ms,66.88ms,95.23%
60000,scone-async,0.01591,25.40ms,202.11ms,86.82%
60000,scone-async,0.00347,7.78ms,112.32ms,93.10%
60000,scone-async,0.0083,15.04ms,150.40ms,89.17%
60000,scone-async,0.00143,2.63ms,49.73ms,96.83%
60000,scone-async,0.03193,83.78ms,570.88ms,89.71%
60000,scone-async,0.0025,6.07ms,110.72ms,95.26%
60000,scone-async,0.00309,5.91ms,108.29ms,92.09%
60000,scone-async,0.00368,7.13ms,80.77ms,91.61%
60000,scone-async,0.021,51.65ms,444.42ms,91.33%
60000,scone-async,0.00541,14.23ms,175.36ms,93.43%
60000,scone-async,0.00135,1.89ms,47.39ms,95.08%
60000,scone-async,0.00155,3.04ms,68.99ms,96.74%
60000,scone-async,0.00282,5.78ms,74.50ms,93.23%
60000,scone-async,0.00335,5.87ms,79.81ms,91.16%
60000,scone-async,0.00209,4.23ms,72.51ms,94.96%
60000,scone-async,0.00315,6.15ms,92.29ms,92.23%
60000,scone-async,0.00142,2.72ms,48.48ms,97.08%
60000,scone-async,0.00256,4.99ms,90.24ms,93.35%
60000,scone-async,0.00247,4.79ms,65.98ms,93.16%
60000,scone-async,0.00457,10.29ms,146.30ms,92.41%
60000,scone-async,0.00326,6.30ms,72.26ms,91.59%
60000,scone-async,0.00341,9.87ms,144.38ms,95.60%
60000,scone-async,0.0032,6.37ms,81.47ms,92.11%
60000,scone-async,0.00218,3.61ms,59.71ms,92.75%
60000,scone-async,0.00657,13.64ms,184.70ms,90.98%
60000,scone-async,0.00309,6.58ms,146.69ms,93.23%
60000,scone-async,0.00366,8.41ms,132.74ms,92.57%
60000,scone-async,0.028,54.10ms,478.72ms,88.08%
60000,scone-async,0.0066,13.87ms,196.48ms,91.14%
60000,scone-async,0.01005,38.67ms,371.46ms,94.62%
60000,scone-async,0.01159,39.36ms,395.52ms,93.78%
60000,scone-async,0.00362,7.56ms,123.01ms,92.29%
60000,scone-async,0.00581,12.51ms,179.58ms,91.56%
80000,scone-async,1.77,657.47ms,3.63s,67.68%
80000,scone-async,1.83,556.48ms,3.01s,67.16%
80000,scone-async,2.34,565.97ms,3.73s,67.13%
80000,scone-async,1.42,713.21ms,4.00s,62.35%
80000,scone-async,0.75528,604.68ms,2.51s,61.83%
80000,scone-async,0.61579,448.12ms,2.16s,65.82%
80000,scone-async,1.31,713.77ms,2.81s,63.88%
80000,scone-async,2.46,760.26ms,4.54s,63.55%
80000,scone-async,1.73,790.31ms,4.82s,72.74%
80000,scone-async,0.74386,542.51ms,2.12s,61.11%
80000,scone-async,0.69887,498.88ms,2.07s,61.81%
80000,scone-async,1.79,562.53ms,3.37s,70.81%
80000,scone-async,0.37363,481.44ms,1.89s,81.63%
80000,scone-async,1.04,466.28ms,2.45s,68.02%
80000,scone-async,0.77466,604.15ms,2.39s,54.25%
80000,scone-async,1.37,736.56ms,3.56s,72.23%
80000,scone-async,1.25,512.08ms,2.83s,69.57%
80000,scone-async,1.16,744.88ms,2.95s,63.37%
80000,scone-async,0.18062,268.69ms,1.25s,83.28%
80000,scone-async,1.09,541.87ms,2.94s,67.77%
80000,scone-async,0.02939,102.75ms,941.06ms,92.79%
80000,scone-async,0.3929,380.01ms,1.44s,52.55%
80000,scone-async,2.18,633.05ms,4.10s,70.81%
80000,scone-async,2.88,739.52ms,5.15s,68.16%
80000,scone-async,0.76211,512.25ms,1.89s,59.40%
80000,scone-async,1.70,462.13ms,3.33s,72.78%
80000,scone-async,1.25,448.73ms,2.38s,64.76%
80000,scone-async,1.17,594.73ms,2.68s,64.38%
80000,scone-async,1.01,432.33ms,2.22s,67.87%
80000,scone-async,0.42413,442.24ms,1.78s,81.73%
80000,scone-async,1.51,458.72ms,2.75s,68.27%
80000,scone-async,1.27,599.19ms,2.81s,66.28%
80000,scone-async,2.27,541.44ms,3.98s,69.38%
80000,scone-async,2.71,538.28ms,4.24s,64.76%
80000,scone-async,0.12523,229.17ms,1.14s,84.94%
80000,scone-async,2.84,604.35ms,4.53s,63.58%
80000,scone-async,2.52,607.99ms,4.64s,66.99%
80000,scone-async,1.52,587.08ms,3.31s,66.97%
80000,scone-async,3.12,575.33ms,4.76s,64.28%
80000,scone-async,1.52,522.13ms,2.59s,64.79%
80000,scone-async,1.03,654.01ms,2.47s,59.49%
80000,scone-async,1.62,535.46ms,2.96s,65.95%
80000,scone-async,1.67,597.14ms,3.70s,72.15%
80000,scone-async,1.08,458.00ms,2.19s,68.28%
80000,scone-async,1.79,700.85ms,3.71s,66.51%
80000,scone-async,1.12,582.97ms,2.47s,66.72%
80000,scone-async,1.77,563.33ms,3.03s,62.63%
80000,scone-async,1.51,591.80ms,2.99s,69.73%
80000,scone-async,1.28,825.61ms,3.19s,64.61%
80000,scone-async,1.66,659.46ms,3.51s,67.32%
1000,scone-sync,0.00149,439.85us,6.10ms,67.44%
1000,scone-sync,0.00171,442.15us,9.46ms,68.63%
1000,scone-sync,0.00162,456.75us,6.62ms,68.25%
1000,scone-sync,0.00158,462.70us,8.15ms,69.84%
1000,scone-sync,0.00155,451.70us,7.02ms,69.29%
1000,scone-sync,0.00163,467.55us,7.69ms,69.01%
1000,scone-sync,0.00175,439.88us,8.11ms,67.89%
1000,scone-sync,0.0017,438.01us,6.82ms,67.24%
1000,scone-sync,0.00166,452.41us,6.10ms,68.37%
1000,scone-sync,0.00155,424.14us,7.02ms,69.87%
1000,scone-sync,0.00173,448.46us,7.72ms,67.88%
1000,scone-sync,0.00169,477.36us,7.48ms,67.54%
1000,scone-sync,0.0017,453.35us,7.18ms,69.11%
1000,scone-sync,0.00154,455.51us,7.43ms,68.01%
1000,scone-sync,0.00166,466.77us,12.63ms,70.23%
1000,scone-sync,0.00165,458.57us,8.07ms,66.81%
1000,scone-sync,0.00147,438.55us,7.91ms,67.30%
1000,scone-sync,0.00161,462.41us,10.00ms,66.82%
1000,scone-sync,0.00153,454.02us,7.45ms,68.00%
1000,scone-sync,0.00147,465.96us,8.11ms,67.76%
1000,scone-sync,0.0017,437.63us,6.90ms,68.40%
1000,scone-sync,0.00171,435.34us,7.37ms,67.88%
1000,scone-sync,0.0017,447.46us,7.72ms,67.65%
1000,scone-sync,0.00171,447.59us,6.20ms,67.78%
1000,scone-sync,0.00168,461.53us,6.88ms,67.37%
1000,scone-sync,0.00155,437.25us,6.72ms,67.64%
1000,scone-sync,0.00153,441.28us,7.55ms,67.13%
1000,scone-sync,0.00162,436.75us,9.93ms,69.46%
1000,scone-sync,0.00161,455.60us,7.06ms,68.81%
1000,scone-sync,0.00155,446.08us,7.50ms,68.30%
1000,scone-sync,0.00165,463.43us,10.90ms,70.26%
1000,scone-sync,0.00163,446.72us,6.69ms,68.06%
1000,scone-sync,0.00166,457.35us,7.64ms,70.14%
1000,scone-sync,0.00162,476.55us,13.12ms,70.10%
1000,scone-sync,0.00157,443.38us,7.30ms,68.32%
1000,scone-sync,0.00163,462.33us,7.49ms,67.16%
1000,scone-sync,0.00168,438.34us,6.66ms,68.48%
1000,scone-sync,0.00166,455.05us,11.13ms,67.81%
1000,scone-sync,0.00171,462.04us,8.02ms,65.88%
1000,scone-sync,0.00173,451.23us,6.36ms,66.92%
1000,scone-sync,0.00171,465.73us,12.05ms,69.41%
1000,scone-sync,0.00165,451.03us,6.61ms,68.35%
1000,scone-sync,0.00151,440.28us,8.36ms,68.77%
1000,scone-sync,0.00165,467.91us,8.55ms,71.17%
1000,scone-sync,0.00171,476.62us,9.90ms,71.53%
1000,scone-sync,0.0015,447.88us,7.66ms,67.20%
1000,scone-sync,0.00149,428.63us,8.46ms,71.21%
1000,scone-sync,0.00149,437.12us,6.86ms,68.70%
1000,scone-sync,0.00154,435.90us,7.25ms,67.87%
1000,scone-sync,0.00158,452.58us,6.61ms,67.63%
5000,scone-sync,0.00145,512.06us,8.66ms,67.52%
5000,scone-sync,0.00148,517.96us,11.94ms,67.67%
5000,scone-sync,0.00149,512.58us,10.18ms,66.92%
5000,scone-sync,0.00146,497.50us,9.29ms,66.94%
5000,scone-sync,0.0015,581.96us,12.24ms,71.82%
5000,scone-sync,0.00149,514.34us,13.66ms,67.27%
5000,scone-sync,0.00148,520.88us,9.52ms,66.94%
5000,scone-sync,0.00148,519.79us,12.81ms,67.95%
5000,scone-sync,0.00146,519.78us,12.08ms,67.82%
5000,scone-sync,0.00146,512.45us,7.10ms,66.16%
5000,scone-sync,0.00149,537.48us,11.45ms,67.86%
5000,scone-sync,0.00146,522.44us,13.82ms,66.91%
5000,scone-sync,0.00151,517.28us,7.08ms,66.99%
5000,scone-sync,0.00149,532.56us,14.62ms,68.54%
5000,scone-sync,0.00151,510.01us,8.22ms,66.50%
5000,scone-sync,0.00148,506.29us,8.26ms,67.02%
5000,scone-sync,0.00145,500.47us,7.70ms,66.37%
5000,scone-sync,0.00149,536.39us,14.23ms,68.83%
5000,scone-sync,0.00146,519.04us,7.41ms,66.57%
5000,scone-sync,0.00145,530.44us,12.18ms,68.34%
5000,scone-sync,0.00147,513.88us,9.15ms,66.54%
5000,scone-sync,0.00148,519.12us,13.24ms,66.57%
5000,scone-sync,0.00145,519.53us,9.33ms,67.48%
5000,scone-sync,0.00149,521.94us,8.20ms,66.55%
5000,scone-sync,0.00146,518.96us,8.78ms,66.32%
5000,scone-sync,0.00146,526.15us,14.13ms,68.36%
5000,scone-sync,0.00148,514.41us,8.15ms,66.95%
5000,scone-sync,0.00145,507.63us,7.35ms,67.00%
5000,scone-sync,0.00149,516.69us,7.85ms,66.00%
5000,scone-sync,0.0015,531.78us,9.40ms,66.69%
5000,scone-sync,0.00143,494.82us,7.08ms,65.84%
5000,scone-sync,0.00145,546.72us,20.16ms,70.40%
5000,scone-sync,0.00147,500.04us,9.70ms,66.59%
5000,scone-sync,0.00146,518.57us,12.81ms,67.71%
5000,scone-sync,0.00146,565.11us,16.88ms,71.67%
5000,scone-sync,0.00148,515.85us,9.11ms,67.04%
5000,scone-sync,0.00146,509.04us,8.34ms,66.41%
5000,scone-sync,0.00148,534.64us,9.86ms,66.88%
5000,scone-sync,0.00144,512.74us,9.69ms,67.25%
5000,scone-sync,0.00146,519.97us,12.67ms,66.55%
5000,scone-sync,0.00145,524.50us,13.01ms,69.57%
5000,scone-sync,0.00145,524.41us,12.60ms,68.33%
5000,scone-sync,0.00148,510.19us,11.02ms,67.63%
5000,scone-sync,0.00149,526.54us,8.36ms,66.37%
5000,scone-sync,0.00145,508.77us,8.90ms,66.35%
5000,scone-sync,0.00147,528.59us,8.82ms,67.42%
5000,scone-sync,0.00149,526.42us,9.28ms,66.39%
5000,scone-sync,0.00144,521.78us,14.54ms,67.90%
5000,scone-sync,0.00146,502.05us,8.51ms,66.70%
5000,scone-sync,0.00145,526.01us,16.02ms,69.22%
10000,scone-sync,0.00254,7.79ms,113.98ms,98.85%
10000,scone-sync,0.00169,684.47us,18.99ms,72.13%
10000,scone-sync,0.00166,706.16us,18.93ms,73.90%
10000,scone-sync,0.00179,724.00us,15.03ms,68.56%
10000,scone-sync,0.0017,672.97us,10.80ms,70.64%
10000,scone-sync,0.00173,680.86us,13.44ms,69.18%
10000,scone-sync,0.00177,754.53us,21.92ms,73.38%
10000,scone-sync,0.00179,749.40us,20.99ms,70.98%
10000,scone-sync,0.00168,702.52us,17.55ms,72.58%
10000,scone-sync,0.00171,701.58us,18.46ms,71.27%
10000,scone-sync,0.00166,757.96us,29.36ms,79.04%
10000,scone-sync,0.00173,678.41us,10.76ms,69.70%
10000,scone-sync,0.00167,671.90us,20.66ms,72.06%
10000,scone-sync,0.00186,785.20us,18.11ms,70.43%
10000,scone-sync,0.00168,648.67us,8.64ms,69.50%
10000,scone-sync,0.0017,699.85us,19.04ms,72.11%
10000,scone-sync,0.00168,693.77us,17.39ms,71.32%
10000,scone-sync,0.00177,716.42us,18.37ms,69.49%
10000,scone-sync,0.00166,680.66us,18.93ms,72.17%
10000,scone-sync,0.00163,653.87us,14.56ms,71.82%
10000,scone-sync,0.00176,712.61us,19.92ms,70.69%
10000,scone-sync,0.00169,708.45us,21.23ms,73.92%
10000,scone-sync,0.00176,713.30us,14.64ms,69.69%
10000,scone-sync,0.00166,658.67us,13.18ms,71.48%
10000,scone-sync,0.00186,770.54us,11.69ms,68.18%
10000,scone-sync,0.00175,755.00us,24.40ms,73.55%
10000,scone-sync,0.00162,638.25us,17.07ms,72.87%
10000,scone-sync,0.0017,707.11us,20.86ms,70.43%
10000,scone-sync,0.00173,686.50us,15.62ms,69.91%
10000,scone-sync,0.00176,707.67us,17.06ms,69.40%
10000,scone-sync,0.00178,725.19us,15.65ms,69.00%
10000,scone-sync,0.00165,643.80us,14.37ms,70.45%
10000,scone-sync,0.00175,705.06us,15.19ms,70.22%
10000,scone-sync,0.00166,643.06us,13.42ms,70.48%
10000,scone-sync,0.00178,736.54us,18.93ms,69.55%
10000,scone-sync,0.00173,687.61us,12.84ms,69.32%
10000,scone-sync,0.00169,703.78us,21.10ms,71.73%
10000,scone-sync,0.00173,708.25us,20.26ms,70.91%
10000,scone-sync,0.00168,649.47us,13.94ms,69.65%
10000,scone-sync,0.00177,792.35us,21.95ms,75.00%
10000,scone-sync,0.00171,687.69us,13.75ms,70.25%
10000,scone-sync,0.0017,660.24us,12.49ms,69.12%
10000,scone-sync,0.00173,672.55us,9.96ms,68.84%
10000,scone-sync,0.00175,694.03us,10.55ms,67.90%
10000,scone-sync,0.00165,737.70us,20.83ms,75.26%
10000,scone-sync,0.00165,702.69us,21.58ms,74.27%
10000,scone-sync,0.00168,650.16us,10.18ms,69.62%
10000,scone-sync,0.00168,696.06us,16.96ms,71.77%
10000,scone-sync,0.00165,750.25us,26.80ms,77.85%
10000,scone-sync,0.00179,807.65us,18.48ms,75.17%
20000,scone-sync,0.00253,5.12ms,61.12ms,93.83%
20000,scone-sync,0.00174,3.02ms,50.18ms,95.90%
20000,scone-sync,0.0018,3.39ms,53.12ms,97.42%
20000,scone-sync,0.0028,5.58ms,59.07ms,93.37%
20000,scone-sync,0.00227,4.53ms,60.48ms,95.07%
20000,scone-sync,0.00235,4.68ms,62.24ms,94.74%
20000,scone-sync,0.00271,5.64ms,55.49ms,94.04%
20000,scone-sync,0.00243,5.19ms,67.20ms,95.12%
20000,scone-sync,0.00212,4.27ms,59.10ms,96.00%
20000,scone-sync,0.00189,3.85ms,54.50ms,96.82%
20000,scone-sync,0.0027,5.56ms,61.57ms,93.31%
20000,scone-sync,0.00163,2.71ms,49.98ms,98.11%
20000,scone-sync,0.00184,3.48ms,54.43ms,96.94%
20000,scone-sync,0.00229,4.70ms,57.15ms,94.82%
20000,scone-sync,0.00191,3.53ms,52.29ms,96.56%
20000,scone-sync,0.00214,4.40ms,73.79ms,95.65%
20000,scone-sync,0.00251,5.08ms,55.90ms,94.50%
20000,scone-sync,0.00164,2.81ms,50.46ms,97.64%
20000,scone-sync,0.00197,3.80ms,57.57ms,96.40%
20000,scone-sync,0.00164,2.78ms,43.84ms,96.18%
20000,scone-sync,0.00171,2.82ms,47.78ms,97.33%
20000,scone-sync,0.00173,3.16ms,55.62ms,97.72%
20000,scone-sync,0.00267,5.34ms,66.05ms,93.74%
20000,scone-sync,0.00216,4.51ms,65.66ms,95.93%
20000,scone-sync,0.00406,18.16ms,229.63ms,97.17%
20000,scone-sync,0.00246,4.92ms,60.45ms,93.94%
20000,scone-sync,0.0022,4.32ms,52.80ms,95.30%
20000,scone-sync,0.00203,4.07ms,60.86ms,96.42%
20000,scone-sync,0.00212,4.00ms,51.04ms,95.45%
20000,scone-sync,0.00267,5.65ms,67.90ms,94.16%
20000,scone-sync,0.00182,3.14ms,55.68ms,96.94%
20000,scone-sync,0.00234,4.84ms,65.47ms,95.13%
20000,scone-sync,0.00232,4.79ms,55.55ms,94.61%
20000,scone-sync,0.00119,814.38us,28.29ms,94.15%
20000,scone-sync,0.00191,3.51ms,58.14ms,96.29%
20000,scone-sync,0.00276,5.39ms,55.01ms,92.81%
20000,scone-sync,0.00167,3.01ms,54.18ms,97.54%
20000,scone-sync,0.00142,1.97ms,46.34ms,98.73%
20000,scone-sync,0.00243,4.88ms,58.94ms,94.59%
20000,scone-sync,0.00168,2.76ms,50.78ms,97.61%
20000,scone-sync,0.00189,3.64ms,52.90ms,96.70%
20000,scone-sync,0.00214,4.35ms,58.59ms,95.89%
20000,scone-sync,0.0017,2.97ms,54.08ms,97.51%
20000,scone-sync,0.00164,3.01ms,58.53ms,98.28%
20000,scone-sync,0.00281,5.61ms,56.35ms,92.97%
20000,scone-sync,0.00169,2.88ms,46.18ms,96.44%
20000,scone-sync,0.00192,3.52ms,58.72ms,96.64%
20000,scone-sync,0.00348,6.82ms,63.62ms,91.06%
20000,scone-sync,0.00171,3.05ms,58.05ms,97.77%
20000,scone-sync,0.00247,5.16ms,61.63ms,94.65%
40000,scone-sync,0.0012,760.32us,21.79ms,84.87%
40000,scone-sync,0.0025,10.66ms,159.23ms,97.78%
40000,scone-sync,0.00127,786.91us,22.64ms,82.72%
40000,scone-sync,0.00219,5.96ms,80.77ms,97.14%
40000,scone-sync,0.00152,1.23ms,24.05ms,92.94%
40000,scone-sync,0.0017,3.74ms,70.40ms,98.70%
40000,scone-sync,0.00108,0.94ms,24.34ms,97.99%
40000,scone-sync,0.00133,3.72ms,106.11ms,98.37%
40000,scone-sync,0.00121,1.02ms,34.08ms,94.44%
40000,scone-sync,0.00155,2.65ms,64.99ms,98.81%
40000,scone-sync,0.00162,4.31ms,89.28ms,98.36%
40000,scone-sync,0.00161,3.13ms,76.35ms,98.72%
40000,scone-sync,0.00738,36.27ms,381.44ms,96.85%
40000,scone-sync,0.00152,3.28ms,62.56ms,98.93%
40000,scone-sync,0.00137,1.13ms,35.81ms,94.29%
40000,scone-sync,0.00152,2.62ms,63.58ms,98.99%
40000,scone-sync,0.00166,3.63ms,87.62ms,98.69%
40000,scone-sync,0.00122,1.60ms,35.58ms,98.16%
40000,scone-sync,0.0014,1.41ms,34.43ms,96.29%
40000,scone-sync,0.0015,3.11ms,70.98ms,99.03%
40000,scone-sync,0.00134,763.43us,20.70ms,79.00%
40000,scone-sync,0.00127,1.80ms,44.58ms,98.28%
40000,scone-sync,0.00204,5.87ms,82.69ms,97.54%
40000,scone-sync,0.00135,710.10us,18.22ms,74.41%
40000,scone-sync,0.00157,3.30ms,75.78ms,99.15%
40000,scone-sync,0.00114,1.04ms,36.35ms,95.91%
40000,scone-sync,0.00121,764.92us,20.82ms,84.87%
40000,scone-sync,0.00135,700.64us,14.53ms,73.82%
40000,scone-sync,0.00204,5.93ms,78.53ms,97.47%
40000,scone-sync,0.00138,812.93us,17.02ms,80.04%
40000,scone-sync,0.00113,0.91ms,24.62ms,95.49%
40000,scone-sync,0.00147,1.33ms,32.46ms,95.16%
40000,scone-sync,0.00117,2.51ms,57.73ms,98.58%
40000,scone-sync,0.00141,0.89ms,21.71ms,84.09%
40000,scone-sync,0.00141,3.17ms,76.10ms,98.59%
40000,scone-sync,0.00142,1.10ms,35.46ms,92.94%
40000,scone-sync,0.00136,730.77us,17.36ms,75.61%
40000,scone-sync,0.01586,67.15ms,494.34ms,95.12%
40000,scone-sync,0.00155,3.25ms,78.21ms,98.58%
40000,scone-sync,0.0012,1.41ms,35.97ms,97.73%
40000,scone-sync,0.00184,4.58ms,78.08ms,98.13%
40000,scone-sync,0.00809,44.75ms,398.85ms,97.59%
40000,scone-sync,0.0013,800.74us,23.79ms,82.31%
40000,scone-sync,0.00281,11.39ms,262.14ms,97.08%
40000,scone-sync,0.00169,5.10ms,94.46ms,97.91%
40000,scone-sync,0.0012,794.38us,24.70ms,86.88%
40000,scone-sync,0.00164,3.97ms,76.16ms,98.62%
40000,scone-sync,0.00168,4.88ms,74.05ms,97.83%
40000,scone-sync,0.00118,705.36us,21.46ms,81.69%
40000,scone-sync,0.00168,4.63ms,90.88ms,98.30%
60000,scone-sync,0.00364,8.68ms,147.33ms,93.25%
60000,scone-sync,0.00673,17.17ms,222.72ms,93.29%
60000,scone-sync,0.01227,20.94ms,203.52ms,88.09%
60000,scone-sync,0.00449,10.93ms,121.15ms,93.50%
60000,scone-sync,0.00248,6.48ms,98.62ms,95.58%
60000,scone-sync,0.01301,24.45ms,296.19ms,89.54%
60000,scone-sync,0.00382,8.83ms,142.08ms,93.11%
60000,scone-sync,0.00527,11.99ms,160.13ms,92.14%
60000,scone-sync,0.00446,14.85ms,173.57ms,95.63%
60000,scone-sync,0.00452,9.56ms,110.21ms,91.28%
60000,scone-sync,0.00309,7.78ms,261.76ms,94.20%
60000,scone-sync,0.00216,6.09ms,110.66ms,96.57%
60000,scone-sync,0.00664,14.18ms,149.38ms,90.90%
60000,scone-sync,0.00312,7.69ms,134.14ms,94.52%
60000,scone-sync,0.00504,13.43ms,171.65ms,93.35%
60000,scone-sync,0.00331,7.77ms,141.95ms,93.62%
60000,scone-sync,0.00439,9.44ms,133.76ms,92.15%
60000,scone-sync,0.00552,12.21ms,184.19ms,91.29%
60000,scone-sync,0.00316,8.32ms,145.28ms,94.74%
60000,scone-sync,0.03897,103.26ms,704.00ms,89.68%
60000,scone-sync,0.0034,10.77ms,179.58ms,95.49%
60000,scone-sync,0.00158,3.55ms,78.08ms,97.05%
60000,scone-sync,0.00177,3.79ms,68.35ms,96.39%
60000,scone-sync,0.00411,10.44ms,147.71ms,93.77%
60000,scone-sync,0.00366,8.92ms,150.66ms,93.69%
60000,scone-sync,0.00589,13.62ms,139.78ms,92.11%
60000,scone-sync,0.00329,9.44ms,131.71ms,95.28%
60000,scone-sync,0.00387,7.43ms,87.23ms,91.11%
60000,scone-sync,0.02182,58.96ms,427.26ms,90.76%
60000,scone-sync,0.00246,5.63ms,100.54ms,94.62%
60000,scone-sync,0.00752,14.64ms,141.44ms,89.72%
60000,scone-sync,0.00229,3.76ms,55.07ms,92.05%
60000,scone-sync,0.00416,8.62ms,137.22ms,91.88%
60000,scone-sync,0.0014,2.33ms,49.60ms,96.73%
60000,scone-sync,0.04543,113.91ms,724.99ms,88.11%
60000,scone-sync,0.03693,96.31ms,709.63ms,89.66%
60000,scone-sync,0.00265,5.48ms,82.94ms,93.73%
60000,scone-sync,0.00573,11.98ms,137.98ms,90.77%
60000,scone-sync,0.00313,5.52ms,96.58ms,91.05%
60000,scone-sync,0.00362,8.90ms,141.57ms,93.69%
60000,scone-sync,0.00343,12.88ms,165.63ms,96.41%
60000,scone-sync,0.00387,11.03ms,169.47ms,94.77%
60000,scone-sync,0.0023,4.99ms,101.44ms,94.28%
60000,scone-sync,0.00167,2.38ms,35.20ms,93.65%
60000,scone-sync,0.00298,8.19ms,165.50ms,95.35%
60000,scone-sync,0.00326,5.91ms,108.10ms,90.95%
60000,scone-sync,0.00155,2.46ms,57.28ms,95.04%
60000,scone-sync,0.00304,7.37ms,105.02ms,93.94%
60000,scone-sync,0.00209,7.05ms,131.71ms,97.79%
60000,scone-sync,0.00227,5.80ms,120.90ms,95.82%
80000,scone-sync,0.63774,427.41ms,1.64s,58.76%
80000,scone-sync,0.6847,516.20ms,2.40s,60.73%
80000,scone-sync,0.8906,469.24ms,2.16s,68.24%
80000,scone-sync,2.25,784.22ms,4.70s,71.61%
80000,scone-sync,1.75,721.81ms,3.82s,68.15%
80000,scone-sync,0.86107,599.36ms,2.58s,62.67%
80000,scone-sync,1.94,817.72ms,4.57s,65.40%
80000,scone-sync,0.27764,250.97ms,1.21s,64.48%
80000,scone-sync,1.63,401.43ms,3.13s,67.40%
80000,scone-sync,0.00131,3.97ms,62.34ms,98.00%
80000,scone-sync,0.04026,133.66ms,1.09s,92.87%
80000,scone-sync,1.78,471.49ms,3.32s,70.83%
80000,scone-sync,1.50,509.68ms,2.70s,65.11%
80000,scone-sync,1.10,917.37ms,2.85s,51.58%
80000,scone-sync,0.78467,473.67ms,2.10s,63.36%
80000,scone-sync,1.28,563.14ms,2.43s,69.06%
80000,scone-sync,0.8794,535.12ms,2.13s,59.38%
80000,scone-sync,0.03695,66.49ms,450.05ms,86.16%
80000,scone-sync,1.29,464.85ms,2.72s,69.67%
80000,scone-sync,1.53,627.93ms,3.13s,69.35%
80000,scone-sync,0.25115,359.98ms,1.63s,82.76%
80000,scone-sync,0.31823,308.01ms,1.51s,68.79%
80000,scone-sync,2.95,462.92ms,4.12s,66.39%
80000,scone-sync,0.62008,544.65ms,1.84s,48.38%
80000,scone-sync,2.61,754.77ms,4.80s,70.92%
80000,scone-sync,0.7761,564.07ms,2.10s,59.77%
80000,scone-sync,1.67,521.63ms,2.66s,67.93%
80000,scone-sync,0.54522,487.95ms,1.79s,48.60%
80000,scone-sync,2.13,618.49ms,3.95s,66.36%
80000,scone-sync,0.2707,333.69ms,1.42s,85.45%
80000,scone-sync,0.90064,656.63ms,2.55s,61.56%
80000,scone-sync,1.04,474.59ms,2.37s,64.69%
80000,scone-sync,0.58353,580.98ms,2.06s,70.47%
80000,scone-sync,0.04634,116.07ms,1.02s,90.86%
80000,scone-sync,0.88494,624.71ms,2.27s,57.46%
80000,scone-sync,1.24,523.07ms,2.43s,62.69%
80000,scone-sync,0.70835,518.43ms,2.19s,60.01%
80000,scone-sync,0.50859,426.97ms,1.70s,54.38%
80000,scone-sync,1.87,433.67ms,2.78s,68.06%
80000,scone-sync,0.01058,53.33ms,643.07ms,96.64%
80000,scone-sync,1.88,532.32ms,3.50s,69.46%
80000,scone-sync,1.34,559.23ms,2.73s,67.09%
80000,scone-sync,1.14,682.75ms,2.72s,63.43%
80000,scone-sync,1.32,648.21ms,2.86s,64.04%
80000,scone-sync,1.11,727.59ms,2.85s,60.37%
80000,scone-sync,1.47,546.79ms,3.23s,68.75%
80000,scone-sync,1.15,610.93ms,2.67s,61.44%
80000,scone-sync,0.66412,365.95ms,1.60s,63.30%
80000,scone-sync,0.97647,503.73ms,2.43s,68.20%
80000,scone-sync,0.6934,494.20ms,1.97s,60.46%
100000,noscone,0.00307,8.49ms,122.62ms,94.46%
100000,noscone,0.05999,131.57ms,765.95ms,87.97%
100000,noscone,0.00175,4.75ms,91.46ms,95.70%
100000,noscone,0.00565,18.11ms,240.38ms,95.37%
100000,noscone,0.03227,113.17ms,764.42ms,93.18%
100000,noscone,0.01944,39.36ms,414.72ms,90.51%
100000,noscone,0.01071,63.26ms,838.14ms,97.23%
100000,noscone,0.00175,5.77ms,91.46ms,97.50%
100000,noscone,0.01108,48.85ms,624.64ms,97.14%
100000,noscone,0.02419,39.63ms,359.42ms,87.30%
100000,noscone,0.05014,142.89ms,1.03s,90.01%
100000,noscone,0.30499,328.61ms,1.35s,83.78%
100000,noscone,0.16461,269.88ms,1.28s,84.98%
100000,noscone,0.00427,7.60ms,72.64ms,89.88%
100000,noscone,0.00124,1.48ms,27.20ms,92.41%
100000,noscone,0.07149,136.34ms,723.97ms,86.80%
100000,noscone,0.0726,197.03ms,1.18s,89.32%
100000,noscone,0.0121,33.51ms,236.03ms,91.51%
100000,noscone,0.02331,55.47ms,331.52ms,88.21%
100000,noscone,0.00371,8.14ms,131.46ms,91.81%
100000,noscone,0.09625,267.28ms,1.49s,90.10%
100000,noscone,0.00586,15.80ms,172.80ms,93.96%
100000,noscone,0.00355,9.39ms,118.78ms,93.68%
100000,noscone,0.06739,209.93ms,1.64s,91.13%
100000,noscone,0.04342,112.34ms,858.62ms,88.34%
100000,noscone,0.01511,46.11ms,491.78ms,92.34%
100000,noscone,0.1133,174.26ms,813.06ms,80.39%
100000,noscone,0.00199,5.58ms,96.26ms,95.82%
100000,noscone,0.00253,5.50ms,75.65ms,93.07%
100000,noscone,0.01441,41.72ms,316.42ms,91.81%
100000,noscone,0.003,8.82ms,145.41ms,96.07%
100000,noscone,0.0299,80.79ms,816.13ms,90.05%
100000,noscone,0.00242,4.26ms,46.94ms,91.80%
100000,noscone,0.01046,37.18ms,271.87ms,94.07%
100000,noscone,0.0098,19.71ms,167.94ms,89.69%
100000,noscone,0.07024,159.73ms,990.72ms,89.39%
100000,noscone,0.01679,50.17ms,418.05ms,92.43%
100000,noscone,0.00182,5.29ms,97.15ms,96.48%
100000,noscone,0.00206,3.55ms,55.65ms,91.78%
100000,noscone,0.05698,142.41ms,946.18ms,88.94%
100000,noscone,0.01899,47.80ms,333.82ms,90.15%
100000,noscone,0.02791,83.59ms,853.50ms,90.47%
100000,noscone,0.05443,122.49ms,744.45ms,88.09%
100000,noscone,0.05134,100.94ms,601.60ms,87.05%
100000,noscone,0.00218,6.73ms,84.93ms,96.96%
100000,noscone,0.01314,24.96ms,267.52ms,88.93%
100000,noscone,0.00981,23.80ms,196.35ms,91.19%
100000,noscone,0.00632,12.98ms,129.79ms,90.54%
100000,noscone,0.00654,17.17ms,177.54ms,92.64%
100000,noscone,0.00162,3.04ms,50.11ms,93.66%
100000,scone-async,3.98,996.28ms,6.21s,61.82%
100000,scone-async,5.00,923.98ms,7.56s,65.63%
100000,scone-async,4.13,859.38ms,6.16s,62.25%
100000,scone-async,5.02,982.97ms,7.43s,62.97%
100000,scone-async,3.07,530.63ms,5.03s,66.58%
100000,scone-async,4.71,942.77ms,7.15s,64.97%
100000,scone-async,4.19,587.25ms,5.84s,66.86%
100000,scone-async,3.81,942.58ms,5.90s,60.92%
100000,scone-async,3.88,903.91ms,6.59s,65.82%
100000,scone-async,3.73,825.66ms,6.03s,67.75%
100000,scone-async,3.04,678.62ms,5.07s,64.82%
100000,scone-async,3.98,996.28ms,6.21s,61.82%
100000,scone-async,5.00,923.98ms,7.56s,65.63%
100000,scone-async,4.13,859.38ms,6.16s,62.25%
100000,scone-async,5.02,982.97ms,7.43s,62.97%
100000,scone-async,3.07,530.63ms,5.03s,66.58%
100000,scone-async,4.71,942.77ms,7.15s,64.97%
100000,scone-async,4.19,587.25ms,5.84s,66.86%
100000,scone-async,3.81,942.58ms,5.90s,60.92%
100000,scone-async,3.88,903.91ms,6.59s,65.82%
100000,scone-async,3.73,825.66ms,6.03s,67.75%
100000,scone-async,3.04,678.62ms,5.07s,64.82%
100000,scone-async,3.98,996.28ms,6.21s,61.82%
100000,scone-async,5.00,923.98ms,7.56s,65.63%
100000,scone-async,4.13,859.38ms,6.16s,62.25%
100000,scone-async,5.02,982.97ms,7.43s,62.97%
100000,scone-async,3.07,530.63ms,5.03s,66.58%
100000,scone-async,4.71,942.77ms,7.15s,64.97%
100000,scone-async,4.19,587.25ms,5.84s,66.86%
100000,scone-async,3.81,942.58ms,5.90s,60.92%
100000,scone-async,3.88,903.91ms,6.59s,65.82%
100000,scone-async,3.73,825.66ms,6.03s,67.75%
100000,scone-async,3.04,678.62ms,5.07s,64.82%
100000,scone-async,3.98,996.28ms,6.21s,61.82%
100000,scone-async,5.00,923.98ms,7.56s,65.63%
100000,scone-async,4.13,859.38ms,6.16s,62.25%
100000,scone-async,5.02,982.97ms,7.43s,62.97%
100000,scone-async,3.07,530.63ms,5.03s,66.58%
100000,scone-async,4.71,942.77ms,7.15s,64.97%
100000,scone-async,4.19,587.25ms,5.84s,66.86%
100000,scone-async,3.81,942.58ms,5.90s,60.92%
100000,scone-async,3.88,903.91ms,6.59s,65.82%
100000,scone-async,3.73,825.66ms,6.03s,67.75%
100000,scone-async,3.04,678.62ms,5.07s,64.82%
100000,scone-async,3.98,996.28ms,6.21s,61.82%
100000,scone-async,5.00,923.98ms,7.56s,65.63%
100000,scone-async,4.13,859.38ms,6.16s,62.25%
100000,scone-async,5.02,982.97ms,7.43s,62.97%
100000,scone-async,3.07,530.63ms,5.03s,66.58%
100000,scone-async,4.71,942.77ms,7.15s,64.97%
100000,scone-sync,4.58,836.03ms,6.97s,64.96%
100000,scone-sync,4.30,750.53ms,6.18s,64.95%
100000,scone-sync,4.37,963.09ms,6.85s,61.46%
100000,scone-sync,3.65,884.68ms,6.16s,68.14%
100000,scone-sync,4.26,779.22ms,6.24s,62.30%
100000,scone-sync,3.58,855.63ms,5.92s,63.88%
100000,scone-sync,4.30,986.33ms,6.97s,65.65%
100000,scone-sync,4.01,879.79ms,6.70s,66.85%
100000,scone-sync,4.69,999.01ms,7.41s,63.30%
100000,scone-sync,3.67,935.32ms,6.42s,62.39%
100000,scone-sync,4.41,925.27ms,7.17s,63.21%
100000,scone-sync,4.57,969.22ms,7.28s,65.04%
100000,scone-sync,4.56,945.29ms,6.89s,62.09%
100000,scone-sync,4.58,836.03ms,6.97s,64.96%
100000,scone-sync,4.30,750.53ms,6.18s,64.95%
100000,scone-sync,4.37,963.09ms,6.85s,61.46%
100000,scone-sync,3.65,884.68ms,6.16s,68.14%
100000,scone-sync,4.26,779.22ms,6.24s,62.30%
100000,scone-sync,3.58,855.63ms,5.92s,63.88%
100000,scone-sync,4.30,986.33ms,6.97s,65.65%
100000,scone-sync,4.01,879.79ms,6.70s,66.85%
100000,scone-sync,4.69,999.01ms,7.41s,63.30%
100000,scone-sync,3.67,935.32ms,6.42s,62.39%
100000,scone-sync,4.41,925.27ms,7.17s,63.21%
100000,scone-sync,4.57,969.22ms,7.28s,65.04%
100000,scone-sync,4.56,945.29ms,6.89s,62.09%
100000,scone-sync,4.58,836.03ms,6.97s,64.96%
100000,scone-sync,4.30,750.53ms,6.18s,64.95%
100000,scone-sync,4.37,963.09ms,6.85s,61.46%
100000,scone-sync,3.65,884.68ms,6.16s,68.14%
100000,scone-sync,4.26,779.22ms,6.24s,62.30%
100000,scone-sync,3.58,855.63ms,5.92s,63.88%
100000,scone-sync,4.30,986.33ms,6.97s,65.65%
100000,scone-sync,4.01,879.79ms,6.70s,66.85%
100000,scone-sync,4.69,999.01ms,7.41s,63.30%
100000,scone-sync,3.67,935.32ms,6.42s,62.39%
100000,scone-sync,4.41,925.27ms,7.17s,63.21%
100000,scone-sync,4.57,969.22ms,7.28s,65.04%
100000,scone-sync,4.56,945.29ms,6.89s,62.09%
100000,scone-sync,4.58,836.03ms,6.97s,64.96%
100000,scone-sync,4.30,750.53ms,6.18s,64.95%
100000,scone-sync,4.37,963.09ms,6.85s,61.46%
100000,scone-sync,3.65,884.68ms,6.16s,68.14%
100000,scone-sync,4.26,779.22ms,6.24s,62.30%
100000,scone-sync,3.58,855.63ms,5.92s,63.88%
100000,scone-sync,4.30,986.33ms,6.97s,65.65%
100000,scone-sync,4.01,879.79ms,6.70s,66.85%
100000,scone-sync,4.69,999.01ms,7.41s,63.30%
100000,scone-sync,3.67,935.32ms,6.42s,62.39%
100000,scone-sync,4.41,925.27ms,7.17s,63.21%
